{"cameraMode":{"drawMode":0,"name":"Shaded","section":"Shading Mode"},"sceneLighting":true,"audioPlay":false,"sceneViewState":{"showFog":true,"showMaterialUpdate":false,"showSkybox":true,"showFlares":true,"showImageEffects":true,"showParticleSystems":true,"showVisualEffectGraphs":true,"m_FxEnabled":true},"in2DMode":false,"pivot":{"x":-10.308624267578125,"y":6.7322916984558109,"z":1.0537152290344239},"rotation":{"x":0.1350206881761551,"y":0.36543744802474978,"z":-0.053670141845941547,"w":0.9194429516792297},"size":8.063363075256348,"orthographic":true}