{"cameraMode":{"drawMode":0,"name":"Shaded","section":"Shading Mode"},"sceneLighting":false,"audioPlay":false,"sceneViewState":{"showFog":true,"showMaterialUpdate":false,"showSkybox":false,"showFlares":true,"showImageEffects":true,"showParticleSystems":true,"showVisualEffectGraphs":true,"m_FxEnabled":true},"in2DMode":false,"pivot":{"x":0.0036163628101348879,"y":0.4994700849056244,"z":-0.017497777938842775},"rotation":{"x":0.22085575759410859,"y":0.09667553007602692,"z":-0.022011153399944307,"w":0.9702685475349426},"size":5.110517978668213,"orthographic":true}